empresa;elo_cadeia;categoria;fonte_materia_prima;uf;municipio_ou_area;descricao;capacidade_ou_porte;status;socios_parceiros;confianca;fonte
Gás Verde;Produção;Produtor de biometano;Aterro sanitário;RJ/SP/PE;Seropédica (RJ) e SP, nova planta em PE;Maior produtora de biometano de aterro da América Latina, 11 plantas em 6 estados (2 de biometano, 9 de energia elétrica);~160 mil m³/dia, meta de 650 mil m³/dia até 2028, planta PE de 45,6 mil m³/dia no 2º sem/2026;Operando + expansão;BNDES (R$ 131 mi), L'Oréal (frota);Alta;https://eixos.com.br/gas-natural/biogas/anp-autoriza-abastecimento-de-frota-de-caminhoes-com-biometano/
Orizon Meio Ambiente;Produção;Produtor de biometano / gestão de resíduos;Aterro sanitário;SP/PE + 12 estados;Paulínia (SP), Jaboatão dos Guararapes (PE), Itapevi (SP);17 aterros em 12 estados, várias plantas de biometano;Jaboatão: 108.931 Nm³/dia autorizados, Paulínia: 180 mil m³/dia (até 300 mil), Itapevi: ≥25 mil m³/dia;Operando + expansão;Compass (JV Paulínia), Estre (Itapevi), Copergás e Edge (compradores);Alta;https://eixos.com.br/empresas/compass-e-orizon-se-unem-para-produzir-biometano-em-paulinia/
Biometano Verde Paulínia S.A.;Produção;JV produtora de biometano;Aterro sanitário;SP;Paulínia;JV Compass (51%) e Orizon (49%);180 mil m³/dia inicial;Operando/implantação;Compass, Orizon;Alta;https://braziljournal.com/compass-e-orizon-fazem-jv-para-investir-em-biometano/
Ecometano;Produção;Produtor de biometano (GNR);Aterro sanitário;RJ/CE/SP;São Pedro da Aldeia (RJ), Caucaia (CE), Caieiras (SP);Pioneira em especificar biogás de aterro, 3 plantas operando e 3 em implantação;Caucaia: ~100 mil m³/dia;Operando + expansão;Marquise Ambiental (GNR Fortaleza), grupo MDC (a confirmar);Alta;https://ecometano.com.br/
GNR Fortaleza;Produção;Planta de biometano;Aterro sanitário;CE;Caucaia;Parceria Marquise Ambiental e Ecometano, ~15% do consumo diário da Cegás;~100 mil m³/dia;Operando;Marquise, Ecometano, Cegás;Alta;https://www.portalin.com.br/negocios/gnr-fortaleza-completa-tres-anos-de-producao-de-biometano-para-atender-as-demandas-do-setor-industrial-cearense/
Marquise Ambiental;Produção;Gestão de resíduos / sócia de planta;Aterro sanitário;CE;Fortaleza/Caucaia;Sócia da GNR Fortaleza, frota de caminhões Scania a gás;—;Operando;Ecometano, Scania;Alta;https://frotanews.com.br/marquise-ambiental-produz-biometano-e-comeca-frota-com-caminhoes-scania-a-gas/
Essencis Biometano;Produção;Produtor de biometano;Aterro sanitário;SP;Caieiras;Parceria MDC e Solví Essencis no maior aterro em operação da América Latina;Até 68 mil m³/dia vendidos à Ultragaz;Operando;MDC, Solví Essencis, Ultragaz;Média;https://tnpetroleo.com.br/noticia/ultragaz-avanca-na-distribuicao-de-biometano-no-pais-1/
CRVR / Biometano Sul;Produção;Produtor de biometano;Aterro sanitário;RS;Minas do Leão e São Leopoldo;Primeira planta de biometano de aterro do RS (set/2025) e segunda em São Leopoldo (2026);Minas do Leão: 66 mil m³/dia (R$ 150 mi), somadas ~100 mil m³/dia, São Leopoldo: R$ 95 mi;Operando;AFRY (EPCM), grupo Solví;Alta;https://crvr.com.br/crvr-anuncia-nova-planta-de-biometano-em-sao-leopoldo/
Asja Brasil + Migratio Bioenergia;Produção;Biogás de aterro para energia elétrica;Aterro sanitário;PB;Municípios da Paraíba;Duas usinas de biogás de aterro, com previsão de venda de créditos de carbono;R$ 40 mi de investimento;Implantação;Asja (Itália), Migratio;Alta;https://eixos.com.br/gas-natural/biogas/asja-e-migratio-vao-investir-r-40-milhoes-em-usinas-de-biogas-na-paraiba/
Raízen;Produção;Produtor de biogás e biometano;Vinhaça e torta de filtro;SP;Guariba (Usina Bonfim), Piracicaba (Usina Costa Pinto);Bonfim: biogás para eletricidade, Costa Pinto: biometano, meta de 39 módulos de biogás até 2030;Bonfim: 21 MW, Costa Pinto: 26 milhões m³/ano;Operando + expansão;JV Raízen Geo Biogás, Jenbacher (motores);Alta;https://www.raizen.com.br/sala-de-imprensa/raizen-inaugura-planta-de-biogas-e-consolida-portfolio-de-energias-renovaveis
Cocal;Produção;Produtor de biometano;Vinhaça e torta de filtro;SP;Narandiba e Paraguaçu Paulista;Primeira planta da categoria certificada no RenovaBio (2023), caminhões canavieiros a biometano desde 2026, vencedora do LRCAP 2026;64 milhões m³/ano de biogás e 27 milhões m³/ano de biometano, 9,2 MW no leilão;Operando + expansão;Geo Biogás & Tech (tecnologia), Copersucar;Alta;https://www.canaonline.com.br/conteudo/cocal-reforca-seu-pioneirismo-no-setor-de-energia-com-o-biometano-no-lrcap-2026.html
São Martinho;Produção;Produtor de biometano;Vinhaça;SP;(a confirmar);Planta de biometano em usina sucroenergética;75 mil m³/dia;Implantação/operação (previsto 2S2025);—;Média;https://www.canaonline.com.br/conteudo/cocal-planeja-expandir-atuacao-no-biogas-e-biometano-a-partir-de-abril.html
ZEG Biogás;Produção;Desenvolvedor/produtor de biometano;Vinhaça;RJ;Norte Fluminense (com Coagro);Vibra detém 50% (R$ 160 mi), R$ 412 mi para novos projetos, primeira planta de biometano do norte fluminense;3,7 milhões m³/ano (Coagro);Implantação (entregas a partir de 2026);Vibra Energia, Coagro;Alta;https://www.canaonline.com.br/conteudo/zeg-biogas-e-coagro-assinam-contrato-para-usina-de-biometano-no-norte-fluminense.html
Coagro;Produção;Cooperativa sucroenergética;Vinhaça;RJ;Campos dos Goytacazes (a confirmar);Fornece vinhaça e sedia a planta da ZEG;—;Implantação;ZEG Biogás;Média;https://www.canaonline.com.br/conteudo/zeg-biogas-e-coagro-assinam-contrato-para-usina-de-biometano-no-norte-fluminense.html
Geo Biogás & Tech (Geo bio gas&carbon);Tecnologia/Produção;Tecnologia, EPC e produtor;Vinhaça, torta de filtro, resíduos industriais;PR/SP/BA/MG;Juazeiro (BA, Geo Agrovale), SP (JV Crivellaro), MG (GeoMit/Gasmig);Empresa paranaense de tecnologia de biogás para o setor sucroenergético e industrial, JV com Raízen;Agrovale: 42 mil Nm³/dia a partir de 2026, JV Crivellaro: R$ 70 mi;Operando + expansão;Raízen, Cocal, Grupo Crivellaro, Gasmig;Alta;https://www.geobiogas.tech/en
Eren Biogás Brasil;Desenvolvimento;Desenvolvedor/investidor;Vinhaça, agroindustrial, resíduos urbanos;Nacional;—;JV do grupo francês Eren com a IVRI, primeiros projetos greenfield em 2026 e busca de aquisições;3 a 4 projetos com FID previstos;Desenvolvimento;Eren Groupe, IVRI;Alta;https://eixos.com.br/gas-natural/biogas/grupo-eren-entra-no-mercado-brasileiro-de-biogas-e-biometano/
H2A Bioenergia;Desenvolvimento/Produção;Desenvolvedor e operador;Dejetos de suínos e resíduos agroindustriais;SC/PR/RS/SP;Campos Novos (SC), Ponta Grossa (PR);Primeira planta comercial de biometano de dejetos suínos da América Latina (com Copercampos), plano de 22 novas usinas;R$ 2,9 bi até 2030, pipeline em SC acima de R$ 500 mi;Operando + expansão;Copercampos;Alta;https://economiasc.com/2026/03/26/r-29-bilhoes-ate-2030-os-planos-da-h2a-bioenergia-que-quer-implantar-22-novas-usinas-de-biometano-pelo-brasil/
Copercampos;Produção;Cooperativa agropecuária;Dejetos de suínos;SC;Campos Novos;Sócia da primeira planta comercial de biometano de dejetos suínos;—;Operando (mar/2026);H2A Bioenergia;Alta;https://www.fecoagro.coop.br/copercampos-e-h2a-bioenergia-inauguram-planta-comercial-de-biometano-a-partir-de-dejetos-suinos/
COOASGO;Produção;Cooperativa agropecuária;Dejetos de suínos;MS;São Gabriel do Oeste;Projeto Suinocultura de Baixo Carbono: biogás e créditos de carbono (VCS e Gold Standard);62 propriedades (2025-2026);Piloto;Cargill, Instituto BioSistêmico, UFGD;Alta;https://esginside.com.br/2026/01/22/cooasgo-acelera-a-transicao-para-a-suinocultura-de-baixo-carbono/
Primato Cooperativa Agroindustrial;Produção;Cooperativa agropecuária;Dejetos de suínos;PR;Toledo;Bioplanta (2023) que converte 630 mil L/dia de dejetos em biometano e fertilizante organomineral, abastece 6 caminhões próprios;—;Operando;13 produtores cooperados, Granja Angst (Emilio Angst);Alta;https://www.parana.pr.gov.br/aen/Noticia/Parana-aposta-no-biometano-e-estrutura-mercado-e-rodovias-para-atender-frotas-pesadas
Castrolanda / Unium (Frísia, Capal);Produção;Cooperativas agropecuárias;Dejetos de suínos e bovinos;PR;Campos Gerais;Usinas de biogás prontas para biometano, com captura de CO₂ (tecnologia CH4 Solution);15.600 m³/dia de biogás, 1.430 kW, R$ 17,8 mi;Operando;CH4 Solution;Alta;https://emfoco.frisia.coop.br/2020/04/parana-ganha-duas-novas-usinas-de-biogas-com-tecnologia-inovadora/
Sabesp;Produção;Saneamento (ETE);Esgoto (lodo);SP;Franca;Biometano da ETE Franca usado na frota da Sabesp desde 2018, finalista de prêmio mundial;~177 mil m³ em 7 anos, 40 veículos;Operando;—;Alta;https://tratamentodeagua.com.br/artigo/biometano-combustivel-veicular-ete-franca/
Atvos;Consumo/Produção;Sucroenergético;Vinhaça (a confirmar);—;—;Adotou caminhões a biometano em parceria com a Scania (2026);—;Operando;Scania;Média;https://www.autoindustria.com.br/2026/02/20/atvos-adota-caminhoes-a-biometano-em-parceria-com-a-scania/
Methanum Engenharia Ambiental;Tecnologia;Tecnologia e engenharia;Vinhaça, resíduos urbanos e agroindustriais;MG;Belo Horizonte (a confirmar);Tecnologia 100% brasileira de biogás de vinhaça (apoio Finep);—;Ativa;Finep;Alta;http://finep.gov.br/en/noticias/todas-noticias/5935-brasil-domina-tecnologia-que-transforma-vinhaca-em-biogas
Bazico Tecnologia;Tecnologia;Tecnologia, consultoria e turn-key;Vinhaça e efluentes industriais;SP (a confirmar);—;Biodigestores de vinhaça: mais de 100 destilarias e 350 biodigestores em 26 países;3,5 milhões m³/dia de biogás (base instalada);Ativa;—;Média;http://www.bazico.com.br/bazico/biogas/
ER-BR (ERBR Soluções em Energia e Biometano);Tecnologia;Projetos, fabricação de equipamentos e integração;Agro, agroindustrial, urbano e industrial;PR (a confirmar);—;Fundada em 2008 (spin-off da GET), projetos completos de valorização energética de resíduos;—;Ativa;—;Média;https://www.erbr.com.br/
Biokohler / Biograss;Tecnologia/Produção;Construção de biodigestores e planta própria;Resíduos agroindustriais, suínos, bovinos, culturas energéticas;PR;Toledo;Planta própria desde 2018 (80 t/dia de resíduos), constrói biodigestores no Sul, MS e exterior;80 t/dia;Ativa;—;Alta;https://gazetadetoledo.com.br/biokohler-biograss-destaca-toledo-no-roteiro-tecnico-do-forum-sul-de-biogas-e-biometano/
CH4 Solution;Tecnologia;Soluções de biogás/biometano e captura de CO₂;Agro e indústria de alimentos;PR;—;Tecnologia pioneira de captura do CO₂ do biogás (usinas Castrolanda/Unium);—;Ativa;Castrolanda, Frísia, Capal;Alta;https://ch4solution.com.br/
BioMt;Tecnologia;EPC de biogás;Agro;MT;—;EPC completo, da concepção à operação e manutenção;—;Ativa;—;Média;https://biomt.com.br/
Sansuy;Equipamentos;Biodigestores de geomembrana de PVC;Agro;BA/SP (a confirmar);—;Mais de 3.000 biodigestores instalados no Brasil e na América Latina em 20 anos;3.000+ unidades;Ativa;MWM (parceria);Alta;https://agro.sansuy.com.br/en/bioenergia/
Rastro Biodigestores;Tecnologia;Construção de biodigestores;Agro;PR (DDD 44);—;Implantação de biodigestores e geração de biogás, da concepção à operação;—;Ativa;—;Média;https://rastrobiodigestores.com.br/institucional/
Sanear Brasil;Equipamentos;Biodigestores e fossas biodigestoras;Esgoto doméstico/pequena escala;MG;—;Fábrica em MG, produtos aprovados por COPASA, Sabesp e SAAEs;—;Ativa;—;Média;https://www.sanearbrasil.com.br/empresa-biodigestor
Labtecino (HomeBiogas);Equipamentos;Biodigestores de pequena escala;Resíduos orgânicos;—;—;Representante da HomeBiogas (Israel) no Brasil;—;Ativa;HomeBiogas;Média;https://labtecino.com.br/work/biodigestores/
Dr. Biogás;Tecnologia;Biodigestores/serviços (a verificar);—;—;—;Citada entre fornecedores do setor;—;A verificar;—;Baixa;https://b2biogas.com.br/fornecedores/
Master Biodigestores;Equipamentos;Biodigestores (a verificar);—;—;—;Citada entre fornecedores do setor;—;A verificar;—;Baixa;https://b2biogas.com.br/fornecedores/
Roeslein Brasil;Equipamentos;Upgrading por membranas (skid);—;—;—;Micro skid de upgrading com membranas de 3 estágios (99% de recuperação de metano);—;Ativa;Roeslein (EUA);Média;https://b2biogas.com.br/produto/upgrading-biogas-system/
Greenlane Renewables + Panasonic do Brasil;Equipamentos;Upgrading de biogás (fabricação local);—;SP;São José dos Campos;Fabricação local dos sistemas Cascade LF e MS da Greenlane pela Panasonic;—;Ativa;Greenlane (Canadá), Panasonic;Alta;https://www.gasworld.com/story/greenlane-renewables-partners-with-panasonic-to-spur-brazil-biomethane/2249236.article/
Evonik (SEPURAN Green);Equipamentos;Membranas de upgrading;—;Global;—;Membranas usadas por integradores, mais de 500 plantas de referência no mundo;—;Ativa;Integradores locais;Alta;https://bioenergyinternational.com/evonik-celebrates-500th-reference-plant-for-biogas-upgrading-using-sepuran-green-membranes/
Air Liquide;Equipamentos;Upgrading e injeção;—;Global;—;Purificação para 96,5% a 99% de metano;—;Ativa;—;Média;https://www.bccresearch.com/market-research/energy-and-resources/biogas-upgrading.html
Bright Renewables;Equipamentos;Upgrading por membranas;—;Global (Holanda);—;Eficiência de separação acima de 99,5%;—;Ativa;—;Média;https://www.bccresearch.com/market-research/energy-and-resources/biogas-upgrading.html
Wärtsilä (Puregas);Equipamentos;Upgrading por absorção química;—;Global;—;Processo Puregas CA (>99,9% de recuperação);—;Ativa;—;Média;https://www.bccresearch.com/market-research/energy-and-resources/biogas-upgrading.html
Pentair / Prodeval / DMT;Equipamentos;Upgrading;—;Global;—;Fornecedores globais de upgrading (presença no Brasil a confirmar);—;Ativa;—;Baixa;https://www.bccresearch.com/market-research/energy-and-resources/biogas-upgrading.html
Montecristo Distribuidora;Equipamentos;Adsorventes (PSA/VSA/TSA);—;—;—;Representa a linha de adsorventes Jalon no Brasil;—;Ativa;Jalon;Média;https://montecristodistribuidora.com/purificacao-de-biogas/
MWM (Caterpillar);Equipamentos;Motores e grupos geradores a biogás;—;SP;São Paulo;Geradores de 10 a 1.250 kVA a diesel, gás natural e biogás, parceria com a Sansuy em biodigestores;—;Ativa;Caterpillar, Sansuy, WEG;Alta;https://www.geradoresmwm.com.br/
Jenbacher (INNIO);Equipamentos;Motogeradores a gás;—;Global;—;7 motogeradores J620 na Raízen Bonfim, mais de 160 MW em biogás de aterro no Brasil;160+ MW;Ativa;Raízen;Alta;https://www.paranoaenergia.com.br/o-que-se-diz/2018/09/10/ge-fornece-geradores-para-planta-de-biogas/
WEG;Equipamentos;Alternadores/geradores e soluções de biogás;—;SC;Jaraguá do Sul;Alternadores síncronos para motores a biogás (acoplados a motores MWM);—;Ativa;MWM;Alta;https://www.weg.net/institutional/BR/en/news/products-and-solutions/weg-provides-solutions-for-renewable-energy-generation-through-biogas
CHP Brasil;Equipamentos;Cogeração a biogás;—;—;—;Soluções de cogeração com biogás;—;Ativa;—;Baixa;https://chpbrasil.com.br/en/biogas
AFRY;Serviços;Engenharia (EPCM);—;—;—;EPCM da planta de purificação da Biometano Sul (Minas do Leão);—;Ativa;CRVR;Alta;https://afry.com.br/noticias/afry-avanca-com-os-servicos-de-epcm-da-nova-planta-de-purificacao-de-biogas-da-biometano-sul-em-minas-do-leao-rs
Galileo Technologies;Logística;Gasoduto virtual (GNC/GNL, BioGNC/BioGNL);—;Global (Argentina);—;Tecnologia modular de compressão, liquefação e transporte de gás e biometano;—;Ativa;Neogás, CTG Gás, Golar Power;Alta;https://revistaoilegasbrasil.com.br/golar-power-fecha-parceria-com-a-galileo-technologies-para-promover-o-gnl-no-brasil/
Neogás (Ultragaz);Logística;Distribuição off-grid de GNC/biometano;—;—;—;Adquirida pela Ultragaz em 2022, gasoduto virtual;—;Ativa;Ultragaz, Galileo;Alta;https://tnpetroleo.com.br/noticia/ultragaz-avanca-na-distribuicao-de-biometano-no-pais-1/
CTG Gás;Logística;Distribuição de GNC/GNL;—;—;—;Gasoduto virtual em parceria com a Galileo;—;Ativa;Galileo;Média;http://ctggas.com.br/home/
Ultragaz (Ultrapar);Comercialização;Distribuição de biometano a indústrias off-grid;—;Nacional;—;Compra até 68 mil m³/dia da Essencis Biometano, R$ 440 mi investidos em 2025;—;Ativa;Essencis Biometano, Neogás;Alta;https://tnpetroleo.com.br/noticia/ultragaz-avanca-na-distribuicao-de-biometano-no-pais-1/
Vibra Energia;Comercialização/Investimento;Distribuidora de combustíveis, sócia da ZEG;—;Nacional;—;50% da ZEG Biogás;—;Ativa;ZEG Biogás;Alta;https://www.infomoney.com.br/mercados/vibra-vbbr3-conclui-aquisicao-de-50-da-zeg-biogas-por-r-160-milhoes/
Compass (Cosan) / Edge;Comercialização/Investimento;Comercializadora de gás, sócia de JV;—;SP;—;51% da Biometano Verde Paulínia, Edge compra biometano da Orizon e opera GNL off-grid;—;Ativa;Orizon;Alta;https://eixos.com.br/empresas/edge-fecha-contrato-com-orizon-para-aquisicao-de-biometano-de-aterro-em-sp/
Copersucar;Comercialização;Trading de biometano;Vinhaça (usinas cooperadas);SP;—;Estruturando negócio dedicado à comercialização e distribuição de biometano;—;Em estruturação;Usinas cooperadas;Alta;https://www.abegas.org.br/arquivos/96091
Petrobras;Comercialização;Compradora (mandato do Combustível do Futuro);—;Nacional;—;Primeira chamada pública para compra de biometano, negocia investir em plantas existentes;—;Ativa;—;Alta;https://conteudos.xpi.com.br/esg/petrobras-petr4-lanca-1a-chamada-publica-para-compra-de-biometano-cafe-com-esg-07-01/
Copergás;Distribuição;Distribuidora de gás canalizado;—;PE;—;Compradora do biometano da Orizon em Jaboatão;—;Ativa;Orizon;Alta;https://eixos.com.br/empresas/compass-e-orizon-se-unem-para-produzir-biometano-em-paulinia/
Cegás;Distribuição;Distribuidora de gás canalizado;—;CE;—;Recebe o biometano da GNR Fortaleza (~15% do consumo diário);—;Ativa;GNR Fortaleza;Alta;https://www.portalin.com.br/negocios/gnr-fortaleza-completa-tres-anos-de-producao-de-biometano-para-atender-as-demandas-do-setor-industrial-cearense/
Gasmig;Distribuição;Distribuidora de gás canalizado;—;MG;—;Contratou a GeoMit para projeto bilionário de biometano em MG;—;Ativa;GeoMit (Geo);Alta;https://agenciainfra.com/blog/biometano-gasmig-contrata-geomit-para-projeto-bilionario-em-mg/
Sulgás;Distribuição;Distribuidora de gás canalizado;—;RS;—;Projeto de biometano para veículos pesados;—;Ativa;—;Média;https://www.sulgas.com.vc/projeto-voltado-para-veiculos-pesados-e-apresentado-na-biotechfair/
Scania;Veículos;Caminhões a GNV/biometano;—;SP;São Bernardo do Campo;Pioneira em caminhões a gás no Brasil (desde 2019), com mais de 1.400 unidades vendidas;1.400+ caminhões;Ativa;Marquise, Atvos, Cocal (a confirmar);Alta;https://transportemoderno.com.br/2024/11/28/scania-entrega-tres-caminhoes-a-biometano-a-uma-das-maiores-empresas-de-gestao-de-residuos-do-brasil/
Iveco;Veículos;Caminhões a GNV/biometano;—;MG;Sete Lagoas;Linha Natural Power (Hi-Way a gás natural e biometano);—;Ativa;—;Alta;https://mecanicaonline.com.br/2022/03/iveco-expoe-caminhao-movido-a-biometano-e-gas-natural/
ReiterLog;Consumo;Transportadora;—;—;—;Maior frota a GNV/biometano do país;248 veículos;Ativa;—;Média;https://mundologistica.com.br/noticias/biometano-alternativa-no-transporte-cargas
Transvale;Consumo;Transportadora;—;—;—;Caminhões a biometano no transporte de açúcar;11 veículos (1º tri/2026);Ativa;—;Média;https://mundologistica.com.br/noticias/transvale-caminhoes-biometano
KPMG;Serviços;Firma inspetora RenovaBio;—;Nacional;—;Auditoria de certificação RenovaBio;—;Ativa;—;Média;https://assets.kpmg.com/content/dam/kpmg/br/pdf/2023/3/Usina-Bazan_Relatorio-Final_Certificacao-Renovabio_2022-Manifesto.pdf
Instituto Totum;Serviços;Firma inspetora RenovaBio;—;SP;—;Certificação RenovaBio;—;Ativa;—;Média;https://institutototum.com.br/totum-services/programa-renovabio/
Abiogás;Instituição;Associação setorial;—;Nacional;—;Associação Brasileira do Biogás, panorama anual do setor;—;Ativa;—;Alta;https://abiogas.org.br/
CIBiogás;Instituição;Centro de pesquisa e desenvolvimento;—;PR;Foz do Iguaçu;Centro Internacional de Energias Renováveis-Biogás;—;Ativa;Itaipu (a confirmar);Média;https://cibiogas.org/
GEF Biogás Brasil;Instituição;Projeto de cooperação;—;Nacional;—;Projeto de fomento ao biogás (GEF/UNIDO/MCTI);—;Encerrado/legado;—;Média;https://www.gefbiogas.org.br/sobreoprojeto.html
B2Biogas;Instituição;Diretório/marketplace de fornecedores;—;Nacional;—;Plataforma que reúne fornecedores de biogás, biometano e biodigestores;Dezenas de fornecedores;Ativa;—;Média;https://b2biogas.com.br/fornecedores/
3Di Biogás (Pietro Fiorentini);Tecnologia/Produção;Upgrading modular, EPC e operação de biorrefinarias;Efluentes e resíduos industriais;PR/PE;Foz do Iguaçu (PR), Itapissuma (PE);Mais de 12 anos, mais de 10 plantas de biometano em operação, monitoramento remoto 24/7, mais de 50 km de gasodutos, case com grande indústria de bebidas (560 mil Nm³/mês desde 2022), nova fábrica de 3.000 m² em Foz em 2026;>16,1 milhões Nm³ de biometano fornecidos, case com capacidade >2,5 milhões Nm³/mês;Ativa;Pietro Fiorentini (Itália);Alta;Panorama do Biogás 2025 (CIBiogás), p. 39
UBE;Equipamentos;Membranas de upgrading;—;Global (Japão);—;Fornecedora de membranas, recuperação de 96% a 99,8% de metano em sistemas multiestágio;—;Ativa;—;Alta;Panorama do Biogás 2025 (CIBiogás), p. 37
Necta;Distribuição;Distribuidora de gás canalizado;—;SP;Oeste paulista;Concessionária paulista sujeita à TUSD-Verde (ARSESP Delib. 1765/25);—;Ativa;—;Alta;Panorama do Biogás 2025 (CIBiogás), p. 44
Comgás;Distribuição;Distribuidora de gás canalizado;—;SP;RMSP e região;Concessionária paulista sujeita à TUSD-Verde (ARSESP Delib. 1765/25);—;Ativa;—;Alta;Panorama do Biogás 2025 (CIBiogás), p. 44
Naturgy (SP Sul);Distribuição;Distribuidora de gás canalizado;—;SP;Sul do estado;Concessionária paulista sujeita à TUSD-Verde (ARSESP Delib. 1765/25);—;Ativa;—;Alta;Panorama do Biogás 2025 (CIBiogás), p. 44
ARSESP;Instituição;Agência reguladora estadual (SP);—;SP;São Paulo;Delib. 744/2017 (biometano na rede) e Delib. 1765/25 (TUSD-Verde), aprovou 5 projetos (~500 mil m³/dia): rede isolada em Presidente Prudente (Cocal, 25 mil m³/dia) e interconexões em Piracicaba (75 mil), Américo Brasiliense (89 mil), Paulínia (225 mil) e Itapevi (30 mil);~500 mil m³/dia aprovados;Ativa;—;Alta;Panorama do Biogás 2025 (CIBiogás), p. 46-47
Amplum Biogás;Serviços;Consultoria em biogás;—;—;—;"Executou com Instituto 17 e PSR o estudo da FIESP ""O Biometano em São Paulo""";—;Ativa;Instituto 17, PSR, FIESP;Alta;Panorama do Biogás 2025 (CIBiogás), p. 44
Instituto 17;Instituição;Instituto de pesquisa e articulação;—;—;—;Coexecutor do estudo FIESP sobre biometano em SP, incuba a Rede Mulheres do Biogás;—;Ativa;PSR, Amplum, FIESP;Alta;Panorama do Biogás 2025 (CIBiogás), p. 44
Itaipu Binacional;Instituição;Geradora hidrelétrica e fomento;—;PR;Foz do Iguaçu;Parceira do CIBiogás, Projeto VANEE (valorização de atributos não energéticos em I-RECs), unidade de biosyncrude em Foz;—;Ativa;CIBiogás;Alta;Panorama do Biogás 2025 (CIBiogás), p. 14 e 51
Biogas Club (CIBiogás);Instituição;Rede de negócios do setor;—;PR;Foz do Iguaçu;Plataforma de conexão, inteligência de mercado e matchmaking do CIBiogás;—;Ativa;CIBiogás;Alta;https://www.biogasclub.org
Adecoagro;Produção;Agroindústria / sucroenergético;Vinhaça (a confirmar);MS (a confirmar);—;Parceira do Panorama 2025;—;A verificar;—;Média;Panorama do Biogás 2025 (CIBiogás), p. 5 – parceiros
Aggreko;Equipamentos;Geração de energia (aluguel de geradores);—;Global;—;Parceira do Panorama 2025;—;Ativa;—;Média;Panorama do Biogás 2025 (CIBiogás), p. 5 – parceiros
Volvo Penta;Equipamentos;Motores industriais a gás;—;Global;—;Parceira do Panorama 2025;—;Ativa;—;Média;Panorama do Biogás 2025 (CIBiogás), p. 5 – parceiros
Vogelsang;Equipamentos;Bombas e trituradores para biodigestores;—;Global (Alemanha);—;Parceira do Panorama 2025;—;Ativa;—;Média;Panorama do Biogás 2025 (CIBiogás), p. 5 – parceiros
Awite;Equipamentos;Analisadores de gás e monitoramento de biogás;—;Global (Alemanha);—;Parceira do Panorama 2025, instrumentação relevante para MRV;—;Ativa;—;Média;Panorama do Biogás 2025 (CIBiogás), p. 5 – parceiros
PlanET;Tecnologia;Construtora de plantas de biogás;—;Global (Alemanha);—;Parceira do Panorama 2025;—;Ativa;—;Média;Panorama do Biogás 2025 (CIBiogás), p. 5 – parceiros
BGS Equipamentos para Biogás;Equipamentos;Equipamentos para biogás;—;—;—;Parceira do Panorama 2025;—;Ativa;—;Média;Panorama do Biogás 2025 (CIBiogás), p. 5 – parceiros
BRG Geradores;Equipamentos;Grupos geradores;—;—;—;Parceira do Panorama 2025;—;Ativa;—;Média;Panorama do Biogás 2025 (CIBiogás), p. 5 – parceiros
Leão Energia;Equipamentos;Geradores e soluções de energia;—;—;—;Parceira do Panorama 2025;—;Ativa;—;Média;Panorama do Biogás 2025 (CIBiogás), p. 5 – parceiros
Plas-Lonas;Equipamentos;Lonas e geomembranas para biodigestores;—;—;—;Parceira do Panorama 2025;—;Ativa;—;Média;Panorama do Biogás 2025 (CIBiogás), p. 5 – parceiros
Ecogen;Serviços;Energia e cogeração;—;—;—;Parceira do Panorama 2025;—;Ativa;—;Média;Panorama do Biogás 2025 (CIBiogás), p. 5 – parceiros
Pegoraro Engenharia;Serviços;Engenharia;—;—;—;Parceira do Panorama 2025;—;Ativa;—;Média;Panorama do Biogás 2025 (CIBiogás), p. 5 – parceiros
Energies Assessoria Energética;Serviços;Assessoria energética;—;—;—;Parceira do Panorama 2025;—;Ativa;—;Média;Panorama do Biogás 2025 (CIBiogás), p. 5 – parceiros
MDC;Produção/Investimento;Grupo de energia e biometano;Aterro sanitário;—;—;Parceira do Panorama 2025, sócia da Essencis Biometano (Caieiras);—;Ativa;Solví Essencis;Média;Panorama do Biogás 2025 (CIBiogás), p. 5 – parceiros
Solví;Produção;Gestão de resíduos e aterros;Aterro sanitário;Nacional;—;Parceira do Panorama 2025, controla a CRVR (RS) e é sócia da Essencis (SP);—;Ativa;CRVR, Essencis, MDC;Alta;Panorama do Biogás 2025 (CIBiogás), p. 5 – parceiros
Veolia;Produção;Resíduos, água e energia;Aterro e efluentes;Global;—;Parceira do Panorama 2025;—;Ativa;—;Média;Panorama do Biogás 2025 (CIBiogás), p. 5 – parceiros
Marca Ambiental;Produção;Gestão de resíduos / aterro;Aterro sanitário;ES (a confirmar);—;Parceira do Panorama 2025;—;A verificar;—;Baixa;Panorama do Biogás 2025 (CIBiogás), p. 5 – parceiros
NCF Ambiental;Produção;Gestão de resíduos (a verificar);—;—;—;Parceira do Panorama 2025;—;A verificar;—;Baixa;Panorama do Biogás 2025 (CIBiogás), p. 5 – parceiros
Zero Resíduos;Produção;Gestão de resíduos (a verificar);—;—;—;Parceira do Panorama 2025;—;A verificar;—;Baixa;Panorama do Biogás 2025 (CIBiogás), p. 5 – parceiros
Sanepar;Produção;Saneamento (ETE);Esgoto;PR;—;Parceira do Panorama 2025, mais de 100 ETEs com geração de energia no PR (a confirmar);—;Ativa;—;Média;Panorama do Biogás 2025 (CIBiogás), p. 5 – parceiros
Frimesa;Produção;Cooperativa central / frigorífico;Efluentes agroindustriais e suínos;PR;Medianeira (a confirmar);Parceira do Panorama 2025;—;A verificar;—;Média;Panorama do Biogás 2025 (CIBiogás), p. 5 – parceiros
Cooperativa Alfa;Produção;Cooperativa agroindustrial (a verificar);—;SC (a confirmar);—;Parceira do Panorama 2025;—;A verificar;—;Baixa;Panorama do Biogás 2025 (CIBiogás), p. 5 – parceiros
Granja Angst;Produção;Produtor rural (suínos);Dejetos de suínos;PR;Toledo;Produtor que abastece caminhões da Primato com biometano próprio;—;Operando;Primato;Alta;Panorama do Biogás 2025 (CIBiogás), p. 5 – parceiros, ver também parana.pr.gov.br
Granja Santana;Produção;Produtor rural;Dejetos animais;—;—;Parceira do Panorama 2025;—;A verificar;—;Baixa;Panorama do Biogás 2025 (CIBiogás), p. 5 – parceiros
Âmbar Energia;Investimento;Grupo de energia (J&F);—;Nacional;—;Parceira do Panorama 2025;—;A verificar;—;Média;Panorama do Biogás 2025 (CIBiogás), p. 5 – parceiros
Energisa;Distribuição;Grupo de distribuição de energia elétrica;—;Nacional;—;Parceira do Panorama 2025;—;A verificar;—;Média;Panorama do Biogás 2025 (CIBiogás), p. 5 – parceiros
Apolo Energia;Desenvolvimento;Energia (a verificar);—;—;—;Parceira do Panorama 2025;—;A verificar;—;Baixa;Panorama do Biogás 2025 (CIBiogás), p. 5 – parceiros
GBio Energia;Desenvolvimento;Energia de biogás (a verificar);—;—;—;Parceira do Panorama 2025;—;A verificar;—;Baixa;Panorama do Biogás 2025 (CIBiogás), p. 5 – parceiros
Congera;Desenvolvimento;Energia sustentável (a verificar);—;—;—;Parceira do Panorama 2025;—;A verificar;—;Baixa;Panorama do Biogás 2025 (CIBiogás), p. 5 – parceiros
Henergreen;Desenvolvimento;Energia renovável (a verificar);—;—;—;Parceira do Panorama 2025;—;A verificar;—;Baixa;Panorama do Biogás 2025 (CIBiogás), p. 5 – parceiros
Archea;Tecnologia;Biogás (a verificar);—;—;—;Parceira do Panorama 2025;—;A verificar;—;Baixa;Panorama do Biogás 2025 (CIBiogás), p. 5 – parceiros
Bioo;Tecnologia;Plataforma de biossoluções;—;—;—;Parceira do Panorama 2025;—;A verificar;—;Baixa;Panorama do Biogás 2025 (CIBiogás), p. 5 – parceiros
BioTer;Tecnologia;Biogás (a verificar);—;—;—;Parceira do Panorama 2025;—;A verificar;—;Baixa;Panorama do Biogás 2025 (CIBiogás), p. 5 – parceiros
Brasuma;Tecnologia;A verificar;—;—;—;Parceira do Panorama 2025;—;A verificar;—;Baixa;Panorama do Biogás 2025 (CIBiogás), p. 5 – parceiros
Grupo Regera;Desenvolvimento;A verificar;—;—;—;Parceira do Panorama 2025;—;A verificar;—;Baixa;Panorama do Biogás 2025 (CIBiogás), p. 5 – parceiros
A Better Way;Serviços;A verificar;—;—;—;Parceira do Panorama 2025;—;A verificar;—;Baixa;Panorama do Biogás 2025 (CIBiogás), p. 5 – parceiros
AgroBella;Produção;Agro (a verificar);—;—;—;Parceira do Panorama 2025;—;A verificar;—;Baixa;Panorama do Biogás 2025 (CIBiogás), p. 5 – parceiros
Embrapa;Instituição;Pesquisa agropecuária;—;Nacional;—;Parceira do Panorama 2025;—;Ativa;—;Alta;Panorama do Biogás 2025 (CIBiogás), p. 5 – parceiros
IDR-Paraná;Instituição;Assistência técnica e extensão rural;—;PR;—;Parceira do Panorama 2025;—;Ativa;—;Alta;Panorama do Biogás 2025 (CIBiogás), p. 5 – parceiros
ANEEL / ANP / MCTI;Instituição;Órgãos federais;—;Nacional;—;Parceiros do Panorama 2025, MCTI/Finep: mais de R$ 820 mi em P&D desde 2023;—;Ativa;—;Alta;Panorama do Biogás 2025 (CIBiogás), p. 45
