uf;plantas_biogas_2025;novas_plantas_2025;volume_biogas_milhao_Nm3_dia;variacao_volume_vs_2024;perfil_uso_principal;fonte
SP;134;7;4,93;11%;64% energia elétrica, 33% biometano, 3% térmica;Panorama do Biogás 2025 (CIBiogás), p. 24-26
RJ;26;0;1,82;0%;87% biometano, 13% energia elétrica;Panorama do Biogás 2025 (CIBiogás), p. 24-26
PR;525;18;1,50;1%;66% energia elétrica, 15% biometano, 19% térmica;Panorama do Biogás 2025 (CIBiogás), p. 24-26
MG;387;5;1,24;5%;90% energia elétrica, 7% biometano, 3% térmica;Panorama do Biogás 2025 (CIBiogás), p. 24-26
PE;;;0,71;0%;56% / 44% (eletricidade e biometano; ordem a confirmar);Panorama do Biogás 2025 (CIBiogás), p. 25-26
RS;89;6;0,65;0,6%;63% / 36% / 1%;Panorama do Biogás 2025 (CIBiogás), p. 24-26
SC;161;23;0,53;8%;81% energia elétrica, 16% biometano, 3% térmica;Panorama do Biogás 2025 (CIBiogás), p. 24-26
CE;;;0,32;0,4%;95% biometano, 5% energia elétrica;Panorama do Biogás 2025 (CIBiogás), p. 25-27
MT;61;0;0,30;0%;98% energia elétrica;Panorama do Biogás 2025 (CIBiogás), p. 24-26
GO;131;4;0,28;2,1%;94% energia elétrica, 6% térmica;Panorama do Biogás 2025 (CIBiogás), p. 24-26
MS;107;5;;;;Panorama do Biogás 2025 (CIBiogás), p. 24
ES;22;2;;;;Panorama do Biogás 2025 (CIBiogás), p. 24
